accuracy,precision,recall,f1_score
0.9390866308742626,0.939709266800468,0.9390866308742626,0.9362549178809711
