accuracy,precision,recall,f1_score
0.9335852058063233,0.9351397110993297,0.9335852058063233,0.9336404972198887
