accuracy,precision,recall,f1_score
0.9968498883380378,0.9968118803159914,0.9968498883380378,0.9967826180317453
