accuracy,precision,recall,f1_score
0.9343143103333996,0.9333430725644886,0.9343143103333996,0.9318801667536495
