accuracy,precision,recall,f1_score
0.9968433392493434,0.9968937435201941,0.9968433392493434,0.9968251354135521
