accuracy,precision_macro,recall_macro,f1_macro,precision_weighted,recall_weighted,f1_weighted
0.847625,0.2057172514278361,0.40370112864693325,0.2054513722854389,0.9439643685758775,0.847625,0.8918080740412015
