accuracy,precision,recall,f1_score
0.9972559318370848,0.9974459963271416,0.9972559318370848,0.9973169488661197
