accuracy,precision,recall,f1_score
0.9972952263692507,0.9974158262199655,0.9972952263692507,0.9973164112607843
